{
  "n_groups": 2673,
  "n_new_item_targets": 289,
  "new_item_target_rate": 0.10811821922933033,
  "p10_before": 0.187317620650954,
  "p10_after": 0.18578376356154136,
  "lift": -0.008188536049530648,
  "p10_before_new_item_targets": 0.13217993079584775,
  "p10_after_new_item_targets": 0.15397923875432526,
  "lift_new_item_targets": 0.1649214659685864,
  "top10_redundancy_after": 0.5001987807098686,
  "top10_redundancy_after_mmr": 0.482595757291061,
  "p10_after_mmr": 0.18698092031425367,
  "content_boost": 1.0,
  "mmr_lambda": 0.7
}