{
  "n_users": 50000,
  "n_cold": 15000,
  "cold_frac": 0.3,
  "n_items": 15000,
  "n_new_items": 2250,
  "n_restaurants": 800,
  "n_sessions": 277845,
  "n_events": 2045282,
  "n_accept": 1058312,
  "n_reject": 561908,
  "n_add": 400003,
  "n_remove": 25059,
  "accept_rate": 0.6531903074891064,
  "peak_share": 0.4693709718268679,
  "cold_frac_by_city": {
    "Ahmedabad": 0.3,
    "Bangalore": 0.3,
    "Chennai": 0.3,
    "Delhi": 0.3,
    "Hyderabad": 0.3,
    "Kolkata": 0.3,
    "Mumbai": 0.3,
    "Pune": 0.3
  }
}