{
  "trained": {
    "recall@1": 0.04947492304906754,
    "recall@10": 0.520097772949484,
    "recall@20": 0.9479902227050516,
    "mrr": 0.17988552029271412,
    "n_eval": 22092
  },
  "random_init": {
    "recall@1": 4.543182953977557e-05,
    "recall@10": 0.0002725909772386534,
    "recall@20": 0.0008632047612557358,
    "mrr": 0.0005596733056433625,
    "n_eval": 22011
  },
  "train_time_sec": 30.999186515808105
}