{
  "trained": {
    "recall@1": 0.0470279086625589,
    "recall@10": 0.5232421167089525,
    "recall@20": 0.9528361725262776,
    "mrr": 0.17488551926206705,
    "n_eval": 22072
  },
  "random_init": {
    "recall@1": 4.506534474988734e-05,
    "recall@10": 0.000270392068499324,
    "recall@20": 0.00040558810274898604,
    "mrr": 0.0005405808580303149,
    "n_eval": 22190
  },
  "train_time_sec": 39.710888624191284
}