{
  "overall": {
    "auc": 0.8509610966108105,
    "ndcg_at_10": 0.6195983188208257,
    "precision_at_10": 0.21720098643649818,
    "recall_at_10": 0.8397601249192649,
    "n_groups": 12976,
    "pos_rate": 0.08762564102564102
  },
  "segments": {
    "cold_start": {
      "auc": 0.8437450677249267,
      "ndcg_at_10": 0.607752437862759,
      "precision_at_10": 0.2106353591160221,
      "recall_at_10": 0.833579978952907,
      "n_groups": 724
    },
    "warm": {
      "auc": 0.851387933400469,
      "ndcg_at_10": 0.6202983202747631,
      "precision_at_10": 0.21758896506692785,
      "recall_at_10": 0.8401253245339924,
      "n_groups": 12252
    }
  }
}