{
  "overall": {
    "auc": 0.8520680137716241,
    "ndcg_at_10": 0.6223460577999902,
    "precision_at_10": 0.21728309446756053,
    "recall_at_10": 0.8389856643844161,
    "n_groups": 12978,
    "pos_rate": 0.08761538461538461
  },
  "segments": {
    "cold_start": {
      "auc": 0.8467727514458594,
      "ndcg_at_10": 0.626193918687444,
      "precision_at_10": 0.22325581395348837,
      "recall_at_10": 0.8435378802683864,
      "n_groups": 731
    },
    "warm": {
      "auc": 0.8523997638093459,
      "ndcg_at_10": 0.6221163863450437,
      "precision_at_10": 0.21692659426798397,
      "recall_at_10": 0.8387139513272442,
      "n_groups": 12247
    }
  }
}